{
  "LR": 0.8947048898643982,
  "SVM": 0.92217221541989,
  "KNN": 0.8974043161401584,
  "RF": 0.9045484378491544,
  "ET": 0.9074253588305087,
  "GB": 0.9184457584484371
}